{
    "01": {
        "white_non_hispanic": {
            "min": 0.16443895941891584,
            "max": 0.16799297546228784,
            "median": 0.16666827232771633,
            "Q1": 0.16624424673623175,
            "Q3": 0.16690623784899616
        },
        "black_non_hispanic": {
            "min": 0.06611863161239893,
            "max": 0.06896582910798713,
            "median": 0.06711925336367967,
            "Q1": 0.06683613272145195,
            "Q3": 0.06745427945698247
        },
        "hispanic": {
            "min": 0.008229832094385606,
            "max": 0.008454428029782456,
            "median": 0.008380502084311885,
            "Q1": 0.008363790101958165,
            "Q3": 0.008390856959652622
        },
        "asian_non_hispanic": {
            "min": 0.0017937527726325625,
            "max": 0.0018711521889452792,
            "median": 0.0018309123569249506,
            "Q1": 0.0018282908694969163,
            "Q3": 0.0018318298775247628
        },
        "other": {
            "min": 0.0005760718623105672,
            "max": 0.0006163772315165967,
            "median": 0.0005962573155064324,
            "Q1": 0.0005948154974210134,
            "Q3": 0.0005962573155064324
        },
        "median_income": {
            "min": 0.003720283883495069,
            "max": 0.0037508242120316703,
            "median": 0.0037391585929769174,
            "Q1": 0.003736406031177481,
            "Q3": 0.0037413868572907464
        },
        "pop_density": {
            "min": 297,
            "max": 348,
            "median": 311,
            "Q1": 311,
            "Q3": 312
        }
    },
    "02": {
        "white_non_hispanic": {
            "min": 0.09065214939358769,
            "max": 0.09464650978768377,
            "median": 0.09268163942318626,
            "Q1": 0.09229798473809342,
            "Q3": 0.09309098468507383
        },
        "black_non_hispanic": {
            "min": 0.14217761586597594,
            "max": 0.14615847559981762,
            "median": 0.14482243453211988,
            "Q1": 0.14446184893639374,
            "Q3": 0.14523420466987838
        },
        "hispanic": {
            "min": 0.005409046084634853,
            "max": 0.005725394080012909,
            "median": 0.005589863179983528,
            "Q1": 0.005568563594630748,
            "Q3": 0.005625318797447694
        },
        "asian_non_hispanic": {
            "min": 0.00112973000711144,
            "max": 0.0012345895042328175,
            "median": 0.0011704941366173754,
            "Q1": 0.001167872649189341,
            "Q3": 0.0011791450451298891
        },
        "other": {
            "min": 0.0003375165063594336,
            "max": 0.00037297212382359933,
            "median": 0.000350492869128204,
            "Q1": 0.00035023072038540057,
            "Q3": 0.0003548183233844609
        },
        "median_income": {
            "min": 0.00295297451330939,
            "max": 0.002976043602676093,
            "median": 0.0029628050911645193,
            "Q1": 0.002959921454993681,
            "Q3": 0.002966606247935169
        },
        "pop_density": {
            "min": 692,
            "max": 765,
            "median": 730,
            "Q1": 726,
            "Q3": 732
        }
    },
    "03": {
        "white_non_hispanic": {
            "min": 0.15383923715240141,
            "max": 0.15916282274688234,
            "median": 0.15614889865087114,
            "Q1": 0.15573830818245527,
            "Q3": 0.15663420151098603
        },
        "black_non_hispanic": {
            "min": 0.0957537605400998,
            "max": 0.09948059814216496,
            "median": 0.09783056841777439,
            "Q1": 0.09751638314952446,
            "Q3": 0.09828441342875285
        },
        "hispanic": {
            "min": 0.006104788848035192,
            "max": 0.006435817173010241,
            "median": 0.006242285863635598,
            "Q1": 0.006216660824026561,
            "Q3": 0.006270860076601174
        },
        "asian_non_hispanic": {
            "min": 0.0025779707367290638,
            "max": 0.0028862576582659137,
            "median": 0.0026837477544502534,
            "Q1": 0.0026750968459377396,
            "Q3": 0.002686762464992493
        },
        "other": {
            "min": 0.0007110784648543406,
            "max": 0.0007668506098857733,
            "median": 0.0007389973059629074,
            "Q1": 0.0007346718517066506,
            "Q3": 0.0007408323471625315
        },
        "median_income": {
            "min": 0.0035001444767258777,
            "max": 0.003534354887661727,
            "median": 0.003515480178179879,
            "Q1": 0.0035124654676376393,
            "Q3": 0.0035186915002792213
        },
        "pop_density": {
            "min": 484,
            "max": 540,
            "median": 523,
            "Q1": 520,
            "Q3": 525
        }
    },
    "04": {
        "white_non_hispanic": {
            "min": 0.15717396577241832,
            "max": 0.1624483329404379,
            "median": 0.16040160663100003,
            "Q1": 0.1600279135981337,
            "Q3": 0.16061755165788436
        },
        "black_non_hispanic": {
            "min": 0.04913814340886297,
            "max": 0.05107502939506622,
            "median": 0.04999700822747276,
            "Q1": 0.04991574211720369,
            "Q3": 0.05023693986432361
        },
        "hispanic": {
            "min": 0.009262239380731268,
            "max": 0.009560564650041587,
            "median": 0.009452559368006567,
            "Q1": 0.009425951270612019,
            "Q3": 0.00945655713633432
        },
        "asian_non_hispanic": {
            "min": 0.0024655089260663867,
            "max": 0.0027192033719144193,
            "median": 0.002629286353132838,
            "Q1": 0.002625878419476393,
            "Q3": 0.002631186931518163
        },
        "other": {
            "min": 0.0006875506151877316,
            "max": 0.0007347373888923514,
            "median": 0.0007102264814402295,
            "Q1": 0.000709964332697426,
            "Q3": 0.0007104886301830329
        },
        "median_income": {
            "min": 0.003633381575255728,
            "max": 0.0036706722339195177,
            "median": 0.0036569749621080377,
            "Q1": 0.0036542224003086013,
            "Q3": 0.0036580235570792515
        },
        "pop_density": {
            "min": 543,
            "max": 580,
            "median": 556,
            "Q1": 554,
            "Q3": 557
        }
    }
}